r2_no2,mae_no2,mse_no2,r2_o3,mae_o3,mse_o3,r2_pm10,mae_pm10,mse_pm10
0.7862756931809949,3.5199498087809995,23.380953200629534,0.6104894906215096,9.13970617182955,130.1561922938629,0.5628968209126892,4.630457033254845,38.590793746239896
0.7265482614001237,3.8662274239540166,25.919123802910644,0.6471884883255518,8.43638314734715,111.02286238114728,0.45224212613725934,5.05675574183703,51.93707653728249
0.7604489317465445,3.678045264544717,20.89767042921473,0.6650680276906413,8.282207862878858,101.53220359455635,0.5315283931257044,4.674603752569239,36.55490807240573
0.7800456226919065,3.800381466353774,23.222785574649173,0.6757867776024621,8.691528186367725,118.68952237046999,0.537602905517526,4.544813023336536,37.54526267093526
0.7481818935354978,3.8429985289842667,26.384014758408203,0.6423392408028392,9.072761125289034,128.42872797724172,0.5089568704148333,4.796319050022842,41.201998904158074
