r2,mae,mse
0.7751071494222782,3.674048977196705,24.602766492848463
0.775347522135246,3.438672310474574,21.293685738554796
0.771030313739328,3.4690625497238954,19.974584445157017
0.7957379375091961,3.643177991424652,21.565990803698295
0.7437012641774096,3.9101981821355625,26.853468654200334
