r2_no2,mae_no2,mse_no2,r2_o3,mae_o3,mse_o3,r2_pm10,mae_pm10,mse_pm10,r2_co,mae_co,mse_co,r2_so2,mae_so2,mse_so2
0.6174883932273416,4.6970557512682785,41.8459000277541,0.5168787041676118,10.247273994710872,161.43653834130146,0.2248734609736821,6.108223714439464,68.4340673459764,0.1937343508891458,0.12753881727508168,0.03210094397981901,0.529085398733538,1.6767271917017859,6.161723284606205
0.6661507818887429,4.248731046033312,31.643899066197072,0.5625335262513119,9.369199365477279,137.66211845202636,0.3992957692591834,5.215690350376198,56.95732201573632,0.3239364660981785,0.10679589163018005,0.02161940330710686,0.4565676369180245,1.7818124866068799,6.532803638652484
0.7025737110158806,3.87005869764766,25.94651991949465,0.6262241574389424,8.731301050049511,113.30744175889993,0.43188555342192847,5.006777352539926,44.330053443003095,0.47267323118740046,0.10331096822925079,0.01882046242358466,0.42462811260074773,1.7454134279738553,7.3716719697499595
0.6994527052330661,4.4516362789896915,31.73178668609548,0.6211408436302521,9.314558873675908,138.6945664420442,0.4098407570178879,5.08809437769816,47.91916744252711,0.32791806086759556,0.1184012867655697,0.022521016749901205,0.5373863233857488,1.692699917484515,6.537672771726882
0.7116175654077641,4.2563778268279275,30.21500922698666,0.5998039763253625,9.54470535161533,143.70227915819905,0.45122169015578584,5.237632089184598,46.04638973348147,0.39908032846147024,0.11393449113151113,0.02459058605678592,0.4851642769084089,1.7778103850908413,6.460175727435265
