r2,mae,mse
0.5491789099222559,4.997138633122645,49.31880217953391
0.6330438555975573,4.43707516333406,34.78193916668691
0.5056868870413556,5.15446312258093,43.122297883135964
0.6065021785467573,4.948339853604845,41.545504315653346
0.6519200487482439,4.664416528801013,36.46976263887894
