r2_no2,mae_no2,mse_no2,r2_o3,mae_o3,mse_o3,r2_pm10,mae_pm10,mse_pm10,r2_co,mae_co,mse_co,r2_so2,mae_so2,mse_so2
-0.00014618245036412958,8.354605312077926,109.41371823216892,-0.0016789980955880246,14.974129757276812,334.71426612052494,-6.236100080769802e-09,7.328123421023227,88.28760767074516,-0.004068179961475238,0.1486162910792624,0.03997632347652034,-0.0001489484644032757,2.389172052229154,13.086536385267996
-0.0011926850285894908,7.851960314978164,94.89805143201333,-0.001713731140078778,14.531362411554342,315.21966273110394,-0.0016340877190932357,7.241871688993572,94.97252117867966,-0.0012540487501255804,0.13947785673564522,0.03201846277356844,-0.0059921975510062175,2.4876671411978073,12.093408370722777
0.44068815195564937,5.60773533764991,48.792580023976846,0.4820001561436865,10.192197245726357,157.02790404192794,0.21248236566723877,6.140538426056258,61.450116305889736,0.16799038574617398,0.13574606816940654,0.029694691427072418,0.046303867230883755,2.3646871301419248,12.218767033215615
0.6667274864548896,4.642706945942869,35.18691564451842,0.4474306184164697,11.440550016085112,202.28723397430826,0.25734938260842577,6.077658355168202,60.301011479983956,0.26856231018880783,0.12467475914420248,0.02450998829846798,0.16856200398459664,2.422459689808328,11.749911043943433
-0.004644117669196479,8.243608052313636,105.26068041603908,-0.002526254911565884,15.482898984720242,359.9868545017126,-0.0006212924146613563,7.053950010628494,83.95921846697088,-0.004141392628552065,0.1475131574951274,0.041091058419494654,-0.00013550078161284063,2.409935393861295,12.549733432437527
